; CSV generated by libsigrok 0.5.2
; from Session-emulating driver on Tue Sep 22 14:40:49 2026
; Channels (1/8): K_LINE
; Samplerate: 100 kHz
Time,K_LINE
10,1
10240,1
10250,1
20480,1
20490,1
30720,1
30730,1
40960,1
40970,1
51200,1
51210,1
61440,1
61450,1
71680,1
71690,1
81920,1
81930,1
92160,1
92170,1
102400,1
102410,1
112640,1
112650,1
122880,1
122890,1
133120,1
133130,1
143360,1
143370,1
153600,1
153610,1
163840,1
163850,1
174080,1
174090,1
184320,1
184330,1
194560,1
194570,1
204800,1
204810,1
215040,1
215050,1
225280,1
225290,1
235520,1
235530,1
245760,1
245770,1
256000,1
256010,1
266240,1
266250,1
276480,1
276490,1
286720,1
286730,1
296960,1
296970,1
307200,1
307210,1
317440,1
317450,1
327680,1
327690,1
337920,1
337930,1
348160,1
348170,1
358400,1
358410,1
368640,1
368650,1
378880,1
378890,1
389120,1
389130,1
399360,1
399370,1
409600,1
409610,1
419840,1
419850,1
430080,1
430090,1
440320,1
440330,1
450560,1
450570,1
460800,1
460810,1
471040,1
471050,1
481280,1
481290,1
491520,1
491530,1
501760,1
501770,1
512000,1
512010,1
522240,1
522250,1
532480,1
532490,1
542720,1
542730,1
552960,1
552970,1
563200,1
563210,1
573440,1
573450,1
583680,1
583690,1
593920,1
593930,1
604160,1
604170,1
614400,1
614410,1
624640,1
624650,1
634880,1
634890,1
645120,1
645130,1
655360,1
655370,1
665600,1
665610,1
675840,1
675850,1
686080,1
686090,1
696320,1
696330,1
706560,1
706570,1
716800,1
716810,1
727040,1
727050,1
737280,1
737290,1
747520,1
747530,1
757760,1
757770,1
768000,1
768010,1
778240,1
778250,1
788480,1
788490,1
798720,1
798730,1
808960,1
808970,1
819200,1
819210,1
829440,1
829450,1
839680,1
839690,1
849920,1
849930,1
860160,1
860170,1
870400,1
870410,1
880640,1
880650,1
890880,1
890890,1
901120,1
901130,1
911360,1
911370,1
921600,1
921610,1
931840,1
931850,1
942080,1
942090,1
952320,1
952330,1
962560,1
962570,1
972800,1
972810,1
983040,1
983050,1
993280,1
993290,1
1003520,1
1003530,1
1013760,1
1013770,1
1024000,1
1024010,1
1034240,1
1034250,1
1044480,1
1044490,1
1054720,1
1054730,1
1064960,1
1064970,1
1075200,1
1075210,1
1085440,1
1085450,1
1095680,1
1095690,1
1105920,1
1105930,1
1116160,1
1116170,1
1126400,1
1126410,1
1136640,1
1136650,1
1146880,1
1146890,1
1157120,1
1157130,1
1167360,1
1167370,1
1177600,1
1177610,1
1187840,1
1187850,1
1198080,1
1198090,1
1208320,1
1208330,1
1218560,1
1218570,1
1228800,1
1228810,1
1239040,1
1239050,1
1249280,1
1249290,1
1259520,1
1259530,1
1269760,1
1269770,1
1280000,1
1280010,1
1290240,1
1290250,1
1300480,1
1300490,1
1310720,1
1310730,1
1320960,1
1320970,1
1331200,1
1331210,1
1341440,1
1341450,1
1351680,1
1351690,1
1361920,1
1361930,1
1372160,1
1372170,1
1382400,1
1382410,1
1392640,1
1392650,1
1402880,1
1402890,1
1413120,1
1413130,1
1423360,1
1423370,1
1433600,1
1433610,1
1443840,1
1443850,1
1454080,1
1454090,1
1464320,1
1464330,1
1474560,1
1474570,1
1484800,1
1484810,1
1495040,1
1495050,1
1505280,1
1505290,1
1515520,1
1515530,1
1525760,1
1525770,1
1536000,1
1536010,1
1546240,1
1546250,1
1556480,1
1556490,1
1566720,1
1566730,1
1576960,1
1576970,1
1587200,1
1587210,1
1597440,1
1597450,1
1607680,1
1607690,1
1617920,1
1617930,1
1628160,1
1628170,1
1638400,1
1638410,1
1648640,1
1648650,1
1658880,1
1658890,1
1669120,1
1669130,1
1679360,1
1679370,1
1689600,1
1689610,1
1699840,1
1699850,1
1710080,1
1710090,1
1720320,1
1720330,1
1730560,1
1730570,1
1740800,1
1740810,1
1751040,1
1751050,1
1761280,1
1761290,1
1771520,1
1771530,1
1781760,1
1781770,1
1792000,1
1792010,1
1802240,1
1802250,1
1812480,1
1812490,1
1822720,1
1822730,1
1832960,1
1832970,1
1843200,1
1843210,1
1853440,1
1853450,1
1863680,1
1863690,1
1873920,1
1873930,1
1884160,1
1884170,1
1894400,1
1894410,1
1904640,1
1904650,1
1914880,1
1914890,1
1925120,1
1925130,1
1935360,1
1935370,1
1945600,1
1945610,1
1955840,1
1955850,1
1966080,1
1966090,1
1976320,1
1976330,1
1986560,1
1986570,1
1996800,1
1996810,1
2007040,1
2007050,1
2017280,1
2017290,1
2027520,1
2027530,1
2037760,1
2037770,1
2048000,1
2048010,1
2058240,1
2058250,1
2068480,1
2068490,1
2078720,1
2078730,1
2088960,1
2088970,1
2099200,1
2099210,1
2109440,1
2109450,1
2119680,1
2119690,1
2129920,1
2129930,1
2140160,1
2140170,1
2150400,1
2150410,1
2160640,1
2160650,1
2170880,1
2170890,1
2181120,1
2181130,1
2191360,1
2191370,1
2201600,1
2201610,1
2211840,1
2211850,1
2222080,1
2222090,1
2232320,1
2232330,1
2242560,1
2242570,1
2252800,1
2252810,1
2263040,1
2263050,1
2273280,1
2273290,1
2283520,1
2283530,1
2293760,1
2293770,1
2304000,1
2304010,1
2314240,1
2314250,1
2324480,1
2324490,1
2334720,1
2334730,1
2344960,1
2344970,1
2355200,1
2355210,1
2365440,1
2365450,1
2375680,1
2375690,1
2385920,1
2385930,1
2396160,1
2396170,1
2406400,1
2406410,1
2416640,1
2416650,1
2426880,1
2426890,1
2437120,1
2437130,1
2447360,1
2447370,1
2457600,1
2457610,1
2467840,1
2467850,1
2478080,1
2478090,1
2488320,1
2488330,1
2498560,1
2498570,1
2508800,1
2508810,1
2519040,1
2519050,1
2529280,1
2529290,1
2539520,1
2539530,1
2549760,1
2549770,1
2560000,1
2560010,1
2570240,1
2570250,1
2580480,1
2580490,1
2590720,1
2590730,1
2600960,1
2600970,1
2611200,1
2611210,1
2621440,1
2621450,1
2631680,1
2631690,1
2641920,1
2641930,1
2652160,1
2652170,1
2662400,1
2662410,1
2672640,1
2672650,1
2682880,1
2682890,1
2693120,1
2693130,1
2703360,1
2703370,1
2713600,1
2713610,1
2723840,1
2723850,1
2734080,1
2734090,1
2744320,1
2744330,1
2754560,1
2754570,1
2764800,1
2764810,1
2775040,1
2775050,1
2785280,1
2785290,1
2795520,1
2795530,1
2805760,1
2805770,1
2816000,1
2816010,1
2826240,1
2826250,1
2836480,1
2836490,1
2846720,1
2846730,1
2856960,1
2856970,1
2867200,1
2867210,1
2877440,1
2877450,1
2887680,1
2887690,1
2897920,1
2897930,1
2908160,1
2908170,1
2918400,1
2918410,1
2928640,1
2928650,1
2938880,1
2938890,1
2949120,1
2949130,1
2959360,1
2959370,1
2969600,1
2969610,1
2979840,1
2979850,1
2990080,1
2990090,1
3000320,1
3000330,1
3010560,1
3010570,1
3020800,1
3020810,1
3031040,1
3031050,1
3041280,1
3041290,1
3051520,1
3051530,1
3061760,1
3061770,1
3072000,1
3072010,1
3082240,1
3082250,1
3092480,1
3092490,1
3102720,1
3102730,1
3112960,1
3112970,1
3123200,1
3123210,1
3133440,1
3133450,1
3143680,1
3143690,1
3153920,1
3153930,1
3164160,1
3164170,1
3174400,1
3174410,1
3184640,1
3184650,1
3194880,1
3194890,1
3205120,1
3205130,1
3215360,1
3215370,1
3225600,1
3225610,1
3235840,1
3235850,1
3246080,1
3246090,1
3256320,1
3256330,1
3266560,1
3266570,1
3276800,1
3276810,1
3287040,1
3287050,1
3297280,1
3297290,1
3307520,1
3307530,1
3317760,1
3317770,1
3328000,1
3328010,1
3338240,1
3338250,1
3348480,1
3348490,1
3358720,1
3358730,1
3368960,1
3368970,1
3379200,1
3379210,1
3389440,1
3389450,1
3399680,1
3399690,1
3409920,1
3409930,1
3420160,1
3420170,1
3430400,1
3430410,1
3440640,1
3440650,1
3450880,1
3450890,1
3461120,1
3461130,1
3471360,1
3471370,1
3481600,1
3481610,1
3491840,1
3491850,1
3502080,1
3502090,1
3512320,1
3512330,1
3522560,1
3522570,1
3532800,1
3532810,1
3543040,1
3543050,1
3553280,1
3553290,1
3563520,1
3563530,1
3573760,1
3573770,1
3584000,1
3584010,1
3594240,1
3594250,1
3604480,1
3604490,1
3614720,1
3614730,1
3624960,1
3624970,1
3635200,1
3635210,1
3645440,1
3645450,1
3655680,1
3655690,1
3665920,1
3665930,1
3676160,1
3676170,1
3686400,1
3686410,1
3696640,1
3696650,1
3706880,1
3706890,1
3717120,1
3717130,1
3727360,1
3727370,1
3737600,1
3737610,1
3747840,1
3747850,1
3758080,1
3758090,1
3768320,1
3768330,1
3778560,1
3778570,1
3788800,1
3788810,1
3799040,1
3799050,1
3809280,1
3809290,1
3819520,1
3819530,1
3829760,1
3829770,1
3840000,1
3840010,1
3850240,1
3850250,1
3860480,1
3860490,1
3870720,1
3870730,1
3880960,1
3880970,1
3891200,1
3891210,1
3901440,1
3901450,1
3911680,1
3911690,1
3921920,1
3921930,1
3932160,1
3932170,1
3942400,1
3942410,1
3952640,1
3952650,1
3962880,1
3962890,1
3973120,1
3973130,1
3983360,1
3983370,1
3993600,1
3993610,1
4003840,1
4003850,1
4014080,1
4014090,1
4024320,1
4024330,1
4034560,1
4034570,1
4044800,1
4044810,1
4055040,1
4055050,1
4065280,1
4065290,1
4075520,1
4075530,1
4085760,1
4085770,1
4096000,1
4096010,1
4106240,1
4106250,1
4116480,1
4116490,1
4126720,1
4126730,1
4136960,1
4136970,1
4147200,1
4147210,1
4157440,1
4157450,1
4167680,1
4167690,1
4177920,1
4177930,1
4188160,1
4188170,1
4198400,1
4198410,1
4208640,1
4208650,1
4218880,1
4218890,1
4229120,1
4229130,1
4239360,1
4239370,1
4249600,1
4249610,1
4259840,1
4259850,1
4270080,1
4270090,1
4280320,1
4280330,1
4290560,1
4290570,1
4300800,1
4300810,1
4311040,1
4311050,1
4321280,1
4321290,1
4331520,1
4331530,1
4341760,1
4341770,1
4352000,1
4352010,1
4362240,1
4362250,1
4372480,1
4372490,1
4382720,1
4382730,1
4392960,1
4392970,1
4403200,1
4403210,1
4413440,1
4413450,1
4423680,1
4423690,1
4433920,1
4433930,1
4444160,1
4444170,1
4454400,1
4454410,1
4464640,1
4464650,1
4474880,1
4474890,1
4485120,1
4485130,1
4495360,1
4495370,1
4505600,1
4505610,1
4515840,1
4515850,1
4526080,1
4526090,1
4536320,1
4536330,1
4546560,1
4546570,1
4556800,1
4556810,1
4567040,1
4567050,1
4577280,1
4577290,1
4587520,1
4587530,1
4597760,1
4597770,1
4608000,1
4608010,1
4618240,1
4618250,1
4628480,1
4628490,1
4638720,1
4638730,1
4648960,1
4648970,1
4659200,1
4659210,1
4669440,1
4669450,1
4679680,1
4679690,1
4689920,1
4689930,1
4700160,1
4700170,1
4710400,1
4710410,1
4720640,1
4720650,1
4730880,1
4730890,1
4741120,1
4741130,1
4751360,1
4751370,1
4761600,1
4761610,1
4771840,1
4771850,1
4782080,1
4782090,1
4792320,1
4792330,1
4802560,1
4802570,1
4812800,1
4812810,1
4823040,1
4823050,1
4833280,1
4833290,1
4843520,1
4843530,1
4853760,1
4853770,1
4864000,1
4864010,1
4874240,1
4874250,1
4884480,1
4884490,1
4894720,1
4894730,1
4904960,1
4904970,1
4915200,1
4915210,1
4925440,1
4925450,1
4935680,1
4935690,1
4945920,1
4945930,1
4956160,1
4956170,1
4966400,1
4966410,1
4976640,1
4976650,1
4986880,1
4986890,1
4997120,1
4997130,1
5007360,1
5007370,1
5017600,1
5017610,1
5027840,1
5027850,1
5038080,1
5038090,1
5048320,1
5048330,1
5058560,1
5058570,1
5068800,1
5068810,1
5079040,1
5079050,1
5089280,1
5089290,1
5099520,1
5099530,1
5109760,1
5109770,1
5120000,1
5120010,1
5130240,1
5130250,1
5140480,1
5140490,1
5150720,1
5150730,1
5160960,1
5160970,1
5171200,1
5171210,1
5181440,1
5181450,1
5191680,1
5191690,1
5201920,1
5201930,1
5212160,1
5212170,1
5222400,1
5222410,1
5232640,1
5232650,1
5242880,1
5242890,1
5253120,1
5253130,1
5263360,1
5263370,1
5273600,1
5273610,1
5283840,1
5283850,1
5294080,1
5294090,1
5304320,1
5304330,1
5314560,1
5314570,1
5324800,1
5324810,1
5335040,1
5335050,1
5345280,1
5345290,1
5355520,1
5355530,1
5365760,1
5365770,1
5376000,1
5376010,1
5386240,1
5386250,1
5396480,1
5396490,1
5406720,1
5406730,1
5416960,1
5416970,1
5427200,1
5427210,1
5437440,1
5437450,1
5447680,1
5447690,1
5457920,1
5457930,1
5468160,1
5468170,1
5478400,1
5478410,1
5488640,1
5488650,1
5498880,1
5498890,1
5509120,1
5509130,1
5519360,1
5519370,1
5529600,1
5529610,1
5539840,1
5539850,1
5550080,1
5550090,1
5560320,1
5560330,1
5570560,1
5570570,1
5580800,1
5580810,1
5591040,1
5591050,1
5601280,1
5601290,1
5611520,1
5611530,1
5621760,1
5621770,1
5632000,1
5632010,1
5642240,1
5642250,1
5652480,1
5652490,1
5662720,1
5662730,1
5672960,1
5672970,1
5683200,1
5683210,1
5693440,1
5693450,1
5703680,1
5703690,1
5713920,1
5713930,1
5724160,1
5724170,1
5734400,1
5734410,1
5744640,1
5744650,1
5754880,1
5754890,1
5765120,1
5765130,1
5775360,1
5775370,1
5785600,1
5785610,1
5795840,1
5795850,1
5806080,1
5806090,1
5816320,1
5816330,1
5826560,1
5826570,1
5836800,1
5836810,1
5847040,1
5847050,1
5857280,1
5857290,1
5867520,1
5867530,1
5877760,1
5877770,1
5888000,1
5888010,1
5898240,1
5898250,1
5908480,1
5908490,1
5918720,1
5918730,1
5928960,1
5928970,1
5939200,1
5939210,1
5949440,1
5949450,1
5959680,1
5959690,1
5969920,1
5969930,1
5980160,1
5980170,1
5990400,1
5990410,1
6000640,1
6000650,1
6010880,1
6010890,1
6021120,1
6021130,1
6031360,1
6031370,1
6041600,1
6041610,1
6051840,1
6051850,1
6062080,1
6062090,1
6072320,1
6072330,1
6082560,1
6082570,1
6092800,1
6092810,1
6103040,1
6103050,1
6113280,1
6113290,1
6123520,1
6123530,1
6133760,1
6133770,1
6144000,1
6144010,1
6154240,1
6154250,1
6164480,1
6164490,1
6174720,1
6174730,1
6184960,1
6184970,1
6195200,1
6195210,1
6205440,1
6205450,1
6215680,1
6215690,1
6225920,1
6225930,1
6236160,1
6236170,1
6246400,1
6246410,1
6256640,1
6256650,1
6266880,1
6266890,1
6277120,1
6277130,1
6287360,1
6287370,1
6297600,1
6297610,1
6307840,1
6307850,1
6318080,1
6318090,1
6328320,1
6328330,1
6338560,1
6338570,1
6348800,1
6348810,1
6359040,1
6359050,1
6369280,1
6369290,1
6379520,1
6379530,1
6389760,1
6389770,1
6400000,1
6400010,1
6410240,1
6410250,1
6420480,1
6420490,1
6430720,1
6430730,1
6440960,1
6440970,1
6451200,1
6451210,1
6461440,1
6461450,1
6471680,1
6471690,1
6481920,1
6481930,1
6492160,1
6492170,1
6502400,1
6502410,1
6512640,1
6512650,1
6522880,1
6522890,1
6533120,1
6533130,1
6543360,1
6543370,1
6553600,1
6553610,1
6563840,1
6563850,1
6574080,1
6574090,1
6584320,1
6584330,1
6594560,1
6594570,1
6604800,1
6604810,1
6615040,1
6615050,1
6625280,1
6625290,1
6635520,1
6635530,1
6645760,1
6645770,1
6656000,1
6656010,1
6666240,1
6666250,1
6676480,1
6676490,1
6686720,1
6686730,1
6696960,1
6696970,1
6707200,1
6707210,1
6717440,1
6717450,1
6727680,1
6727690,1
6737920,1
6737930,1
6748160,1
6748170,1
6758400,1
6758410,1
6768640,1
6768650,1
6778880,1
6778890,1
6789120,1
6789130,1
6799360,1
6799370,1
6809600,1
6809610,1
6819840,1
6819850,1
6830080,1
6830090,1
6840320,1
6840330,1
6850560,1
6850570,1
6860800,1
6860810,1
6871040,1
6871050,1
6881280,1
6881290,1
6891520,1
6891530,1
6901760,1
6901770,1
6912000,1
6912010,1
6922240,1
6922250,1
6932480,1
6932490,1
6942720,1
6942730,1
6952960,1
6952970,1
6963200,1
6963210,1
6973440,1
6973450,1
6983680,1
6983690,1
6993920,1
6993930,1
7004160,1
7004170,1
7014400,1
7014410,1
7024640,1
7024650,1
7034880,1
7034890,1
7045120,1
7045130,1
7055360,1
7055370,1
7065600,1
7065610,1
7075840,1
7075850,1
7086080,1
7086090,1
7096320,1
7096330,1
7106560,1
7106570,1
7116800,1
7116810,1
7127040,1
7127050,1
7137280,1
7137290,1
7147520,1
7147530,1
7157760,1
7157770,1
7168000,1
7168010,1
7178240,1
7178250,1
7188480,1
7188490,1
7198720,1
7198730,1
7208960,1
7208970,1
7219200,1
7219210,1
7229440,1
7229450,1
7239680,1
7239690,1
7249920,1
7249930,1
7260160,1
7260170,1
7270400,1
7270410,1
7280640,1
7280650,1
7290880,1
7290890,1
7301120,1
7301130,1
7311360,1
7311370,1
7321600,1
7321610,1
7331840,1
7331850,1
7342080,1
7342090,1
7352320,1
7352330,1
7362560,1
7362570,1
7372800,1
7372810,1
7383040,1
7383050,1
7393280,1
7393290,1
7403520,1
7403530,1
7413760,1
7413770,1
7424000,1
7424010,1
7434240,1
7434250,1
7444480,1
7444490,1
7454720,1
7454730,1
7464960,1
7464970,1
7475200,1
7475210,1
7485440,1
7485450,1
7495680,1
7495690,1
7505920,1
7505930,1
7516160,1
7516170,1
7526400,1
7526410,1
7536640,1
7536650,1
7546880,1
7546890,1
7557120,1
7557130,1
7567360,1
7567370,1
7577600,1
7577610,1
7587840,1
7587850,1
7598080,1
7598090,1
7608320,1
7608330,1
7618560,1
7618570,1
7628800,1
7628810,1
7639040,1
7639050,1
7649280,1
7649290,1
7659520,1
7659530,1
7669760,1
7669770,1
7680000,1
7680010,1
7690240,1
7690250,1
7700480,1
7700490,1
7710720,1
7710730,1
7720960,1
7720970,1
7731200,1
7731210,1
7741440,1
7741450,1
7751680,1
7751690,1
7761920,1
7761930,1
7772160,1
7772170,1
7782400,1
7782410,1
7792640,1
7792650,1
7802880,1
7802890,1
7813120,1
7813130,1
7823360,1
7823370,1
7833600,1
7833610,1
7843840,1
7843850,1
7854080,1
7854090,1
7864320,1
7864330,1
7874560,1
7874570,1
7884800,1
7884810,1
7895040,1
7895050,1
7905280,1
7905290,1
7915520,1
7915530,1
7925760,1
7925770,1
7936000,1
7936010,1
7946240,1
7946250,1
7956480,1
7956490,1
7966720,1
7966730,1
7976960,1
7976970,1
7987200,1
7987210,1
7997440,1
7997450,1
8007680,1
8007690,1
8017920,1
8017930,1
8028160,1
8028170,1
8038400,1
8038410,1
8048640,1
8048650,1
8058880,1
8058890,1
8069120,1
8069130,1
8079360,1
8079370,1
8089600,1
8089610,1
8099840,1
8099850,1
8110080,1
8110090,1
8120320,1
8120330,1
8130560,1
8130570,1
8140800,1
8140810,1
8151040,1
8151050,1
8161280,1
8161290,1
8171520,1
8171530,1
8181760,1
8181770,1
8192000,1
8192010,1
8202240,1
8202250,1
8212480,1
8212490,1
8222720,1
8222730,1
8232960,1
8232970,1
8243200,1
8243210,1
8253440,1
8253450,1
8263680,1
8263690,1
8273920,1
8273930,1
8284160,1
8284170,1
8294400,1
8294410,1
8304640,1
8304650,1
8314880,1
8314890,1
8325120,1
8325130,1
8335360,1
8335370,1
8345600,1
8345610,1
8355840,1
8355850,1
8366080,1
8366090,1
8376320,1
8376330,1
8386560,1
8386570,1
8396800,1
8396810,1
8407040,1
8407050,1
8417280,1
8417290,1
8427520,1
8427530,1
8437760,1
8437770,1
8448000,1
8448010,1
8458240,1
8458250,1
8468480,1
8468490,1
8478720,1
8478730,1
8488960,1
8488970,1
8499200,1
8499210,1
8509440,1
8509450,1
8519680,1
8519690,1
8529920,1
8529930,1
8540160,1
8540170,1
8550400,1
8550410,1
8560640,1
8560650,1
8570880,1
8570890,1
8581120,1
8581130,1
8591360,1
8591370,1
8601600,1
8601610,1
8611840,1
8611850,1
8622080,1
8622090,1
8632320,1
8632330,1
8642560,1
8642570,1
8652800,1
8652810,1
8663040,1
8663050,1
8673280,1
8673290,1
8683520,1
8683530,1
8693760,1
8693770,1
8704000,1
8704010,1
8714240,1
8714250,1
8724480,1
8724490,1
8734720,1
8734730,1
8744960,1
8744970,1
8755200,1
8755210,1
8765440,1
8765450,1
8775680,1
8775690,1
8785920,1
8785930,1
8796160,1
8796170,1
8806400,1
8806410,1
8816640,1
8816650,1
8826880,1
8826890,1
8837120,1
8837130,1
8847360,1
8847370,1
8857600,1
8857610,1
8867840,1
8867850,1
8878080,1
8878090,1
8888320,1
8888330,1
8898560,1
8898570,1
8908800,1
8908810,1
8919040,1
8919050,1
8929280,1
8929290,1
8939520,1
8939530,1
8949760,1
8949770,1
8960000,1
8960010,1
8970240,1
8970250,1
8980480,1
8980490,1
8990720,1
8990730,1
9000960,1
9000970,1
9011200,1
9011210,1
9021440,1
9021450,1
9031680,1
9031690,1
9041920,1
9041930,1
9052160,1
9052170,1
9062400,1
9062410,1
9072640,1
9072650,1
9082880,1
9082890,1
9093120,1
9093130,1
9103360,1
9103370,1
9113600,1
9113610,1
9123840,1
9123850,1
9134080,1
9134090,1
9144320,1
9144330,1
9154560,1
9154570,1
9164800,1
9164810,1
9175040,1
9175050,1
9185280,1
9185290,1
9195520,1
9195530,1
9205760,1
9205770,1
9216000,1
9216010,1
9226240,1
9226250,1
9236480,1
9236490,1
9246720,1
9246730,1
9256960,1
9256970,1
9267200,1
9267210,1
9277440,1
9277450,1
9287680,1
9287690,1
9297920,1
9297930,1
9308160,1
9308170,1
9318400,1
9318410,1
9328640,1
9328650,1
9338880,1
9338890,1
9349120,1
9349130,1
9359360,1
9359370,1
9369600,1
9369610,1
9379840,1
9379850,1
9390080,1
9390090,1
9400320,1
9400330,1
9410560,1
9410570,1
9420800,1
9420810,1
9431040,1
9431050,1
9441280,1
9441290,1
9451520,1
9451530,1
9461760,1
9461770,1
9472000,1
9472010,1
9482240,1
9482250,1
9492480,1
9492490,1
9502720,1
9502730,1
9512960,1
9512970,1
9523200,1
9523210,1
9533440,1
9533450,1
9543680,1
9543690,1
9553920,1
9553930,1
9564160,1
9564170,1
9574400,1
9574410,1
9584640,1
9584650,1
9594880,1
9594890,1
9605120,1
9605130,1
9615360,1
9615370,1
9625600,1
9625610,1
9635840,1
9635850,1
9646080,1
9646090,1
9656320,1
9656330,1
9666560,1
9666570,1
9676800,1
9676810,1
9687040,1
9687050,1
9697280,1
9697290,1
9707520,1
9707530,1
9717760,1
9717770,1
9728000,1
9728010,1
9738240,1
9738250,1
9748480,1
9748490,1
9758720,1
9758730,1
9768960,1
9768970,1
9779200,1
9779210,1
9789440,1
9789450,1
9799680,1
9799690,1
9809920,1
9809930,1
9820160,1
9820170,1
9830400,1
9830410,1
9840640,1
9840650,1
9850880,1
9850890,1
9861120,1
9861130,1
9871360,1
9871370,1
9881600,1
9881610,1
9891840,1
9891850,1
9902080,1
9902090,1
9912320,1
9912330,1
9922560,1
9922570,1
9932800,1
9932810,1
9943040,1
9943050,1
9953280,1
9953290,1
9963520,1
9963530,1
9973760,1
9973770,1
9984000,1
9984010,1
9994240,1
9994250,1
10000000,1
